CC_ID,System_Name,Department,Priority,Status,Change_Type,Initiator,Approval_Date,Implementation_Date
CC-2025-001,QMS,QA,High,Open,Equipment,A Patel,2025-01-01,2025-01-15
CC-2025-002,eBMR,QA,High,In Progress,Equipment,M Parmar,2025-01-04,2025-01-20
CC-2025-003,MES,Production,Critical,Open,Process,C Chaudhari,2025-01-07,2025-01-29
CC-2025-004,TrackWise,IT,High,In Progress,System,R Shah,2025-01-10,2025-01-28
CC-2025-005,QMS,Warehouse,Medium,In Progress,Equipment,P Modi,2025-01-13,2025-02-12
CC-2025-006,MES,QA,Low,In Progress,Process,C Chaudhari,2025-01-16,2025-02-14
CC-2025-007,DMS,QC,Low,Open,System,M Parmar,2025-01-19,2025-02-06
CC-2025-008,TrackWise,Production,Medium,Closed,Process,M Parmar,2025-01-22,2025-02-21
CC-2025-009,SAP,Production,Critical,Implemented,Documentation,K Raman,2025-01-25,2025-02-12
CC-2025-010,ERP,Warehouse,Critical,Open,Documentation,A Patel,2025-01-28,2025-02-12
CC-2025-011,LIMS,Engineering,Low,Implemented,System,M Parmar,2025-01-31,2025-02-01
CC-2025-012,eBMR,Warehouse,Medium,In Progress,System,P Modi,2025-02-03,2025-02-21
CC-2025-013,ERP,Engineering,Medium,Implemented,Equipment,P Modi,2025-02-06,2025-02-25
CC-2025-014,TrackWise,QC,Critical,Implemented,Documentation,K Raman,2025-02-09,2025-03-05
CC-2025-015,ERP,Production,High,Implemented,Process,M Parmar,2025-02-12,2025-02-18
CC-2025-016,TrackWise,Engineering,Medium,Implemented,System,M Parmar,2025-02-15,2025-03-10
CC-2025-017,SAP,Engineering,Low,In Progress,Process,M Parmar,2025-02-18,2025-02-23
CC-2025-018,MES,Warehouse,High,Closed,Process,P Modi,2025-02-21,2025-03-06
CC-2025-019,DMS,IT,Medium,Approved,System,P Modi,2025-02-24,2025-03-19
CC-2025-020,TrackWise,QC,Medium,Implemented,Process,M Parmar,2025-02-27,2025-03-14
CC-2025-021,MES,QC,Low,Open,Process,C Chaudhari,2025-03-02,2025-03-23
CC-2025-022,TrackWise,QC,Low,In Progress,Equipment,R Shah,2025-03-05,2025-03-19
CC-2025-023,TrackWise,QC,Critical,Open,Equipment,P Modi,2025-03-08,2025-04-04
CC-2025-024,DMS,QA,High,Approved,System,M Parmar,2025-03-11,2025-03-29
CC-2025-025,LIMS,Engineering,Medium,In Progress,Equipment,R Shah,2025-03-14,2025-03-31
CC-2025-026,QMS,QA,Critical,Closed,Process,C Chaudhari,2025-03-17,2025-04-08
CC-2025-027,TrackWise,QC,Low,Closed,System,C Chaudhari,2025-03-20,2025-03-22
CC-2025-028,MES,QA,Critical,In Progress,Process,A Patel,2025-03-23,2025-04-10
CC-2025-029,LIMS,QA,Medium,Closed,System,A Patel,2025-03-26,2025-04-21
CC-2025-030,LIMS,QA,Low,In Progress,System,P Modi,2025-03-29,2025-04-03
CC-2025-031,TrackWise,Engineering,Critical,Implemented,Documentation,R Shah,2025-04-01,2025-04-03
CC-2025-032,MES,Engineering,Low,Open,Documentation,R Shah,2025-04-04,2025-04-30
CC-2025-033,TrackWise,Engineering,Critical,In Progress,Documentation,P Modi,2025-04-07,2025-05-04
CC-2025-034,MES,QA,Low,Approved,System,C Chaudhari,2025-04-10,2025-04-14
CC-2025-035,TrackWise,Production,High,Approved,Documentation,A Patel,2025-04-13,2025-04-21
CC-2025-036,ERP,IT,Critical,Approved,Documentation,K Raman,2025-04-16,2025-04-22
CC-2025-037,ERP,Engineering,Medium,Implemented,Documentation,M Parmar,2025-04-19,2025-04-21
CC-2025-038,eBMR,IT,Low,Implemented,Process,C Chaudhari,2025-04-22,2025-05-04
CC-2025-039,TrackWise,QA,High,Implemented,Equipment,M Parmar,2025-04-25,2025-05-13
CC-2025-040,DMS,Engineering,Low,Closed,System,C Chaudhari,2025-04-28,2025-05-05
CC-2025-041,eBMR,Engineering,Low,Closed,System,M Parmar,2025-05-01,2025-05-24
CC-2025-042,TrackWise,QC,Critical,In Progress,System,P Modi,2025-05-04,2025-05-31
CC-2025-043,QMS,QC,Critical,Closed,Process,R Shah,2025-05-07,2025-05-23
CC-2025-044,SAP,QA,Medium,Open,System,K Raman,2025-05-10,2025-06-01
CC-2025-045,QMS,Production,High,In Progress,Process,A Patel,2025-05-13,2025-06-01
CC-2025-046,eBMR,QA,Medium,Approved,Documentation,R Shah,2025-05-16,2025-06-02
CC-2025-047,MES,Warehouse,Low,Implemented,System,R Shah,2025-05-19,2025-05-29
CC-2025-048,LIMS,IT,Medium,Open,Process,K Raman,2025-05-22,2025-06-08
CC-2025-049,eBMR,QA,High,Open,Equipment,K Raman,2025-05-25,2025-06-11
CC-2025-050,TrackWise,Warehouse,High,Implemented,Documentation,A Patel,2025-05-28,2025-06-03
CC-2026-051,eBMR,QA,Critical,Closed,Equipment,K Raman,2025-05-31,2025-06-07
CC-2026-052,MES,QC,Critical,In Progress,Documentation,K Raman,2025-06-03,2025-06-14
CC-2026-053,TrackWise,QA,High,In Progress,Process,A Patel,2025-06-06,2025-06-22
CC-2026-054,TrackWise,QA,Critical,Open,System,A Patel,2025-06-09,2025-06-18
CC-2026-055,DMS,QC,Low,Open,Equipment,P Modi,2025-06-12,2025-06-20
CC-2026-056,ERP,Warehouse,High,In Progress,Documentation,M Parmar,2025-06-15,2025-06-20
CC-2026-057,DMS,QC,Medium,Open,Process,C Chaudhari,2025-06-18,2025-07-03
CC-2026-058,eBMR,QA,Low,Approved,Process,K Raman,2025-06-21,2025-07-03
CC-2026-059,MES,Warehouse,High,Approved,Equipment,A Patel,2025-06-24,2025-06-29
CC-2026-060,QMS,Warehouse,High,Closed,Equipment,A Patel,2025-06-27,2025-07-17
CC-2026-061,DMS,Warehouse,Medium,In Progress,Documentation,P Modi,2025-06-30,2025-07-29
CC-2026-062,DMS,QA,Critical,Approved,Equipment,C Chaudhari,2025-07-03,2025-07-26
CC-2026-063,QMS,QA,High,Implemented,Equipment,M Parmar,2025-07-06,2025-07-25
CC-2026-064,DMS,IT,Medium,Approved,Documentation,K Raman,2025-07-09,2025-07-12
CC-2026-065,QMS,Production,Medium,Approved,Documentation,R Shah,2025-07-12,2025-08-01
CC-2026-066,MES,Warehouse,Critical,Open,Equipment,P Modi,2025-07-15,2025-08-13
CC-2026-067,TrackWise,Engineering,High,Open,Process,K Raman,2025-07-18,2025-07-20
CC-2026-068,LIMS,QA,High,Closed,System,K Raman,2025-07-21,2025-08-20
CC-2026-069,QMS,Engineering,High,In Progress,System,C Chaudhari,2025-07-24,2025-08-11
CC-2026-070,QMS,QC,Low,Implemented,Equipment,M Parmar,2025-07-27,2025-08-23
CC-2026-071,MES,Engineering,High,Implemented,Process,K Raman,2025-07-30,2025-08-11
CC-2026-072,LIMS,IT,Critical,Open,Documentation,M Parmar,2025-08-02,2025-08-05
CC-2026-073,SAP,Production,Medium,In Progress,System,A Patel,2025-08-05,2025-08-22
CC-2026-074,MES,Engineering,Critical,In Progress,Documentation,P Modi,2025-08-08,2025-08-29
CC-2026-075,LIMS,Warehouse,Low,Closed,Process,R Shah,2025-08-11,2025-08-31
CC-2026-076,eBMR,QC,Low,Implemented,System,A Patel,2025-08-14,2025-08-23
CC-2026-077,eBMR,QC,Low,In Progress,Process,C Chaudhari,2025-08-17,2025-08-23
CC-2026-078,DMS,QC,High,Approved,System,A Patel,2025-08-20,2025-08-25
CC-2026-079,SAP,QC,Low,Open,Equipment,M Parmar,2025-08-23,2025-09-02
CC-2026-080,QMS,QA,Low,In Progress,Documentation,R Shah,2025-08-26,2025-08-30
CC-2026-081,eBMR,Warehouse,Low,Implemented,System,R Shah,2025-08-29,2025-09-17
CC-2026-082,MES,QA,Low,Open,Documentation,K Raman,2025-09-01,2025-09-16
CC-2026-083,SAP,QC,High,Open,Documentation,A Patel,2025-09-04,2025-10-04
CC-2026-084,SAP,QC,Low,Implemented,System,C Chaudhari,2025-09-07,2025-09-21
CC-2026-085,DMS,Production,High,Implemented,Documentation,A Patel,2025-09-10,2025-09-29
CC-2026-086,ERP,Production,Medium,Closed,Process,M Parmar,2025-09-13,2025-10-11
CC-2026-087,DMS,IT,Critical,In Progress,Process,C Chaudhari,2025-09-16,2025-10-01
CC-2026-088,DMS,QC,Medium,Approved,System,R Shah,2025-09-19,2025-09-24
CC-2026-089,MES,Warehouse,Medium,In Progress,Equipment,R Shah,2025-09-22,2025-10-04
CC-2026-090,ERP,Production,Critical,Closed,Documentation,M Parmar,2025-09-25,2025-10-19
CC-2026-091,MES,QA,Medium,Open,Documentation,K Raman,2025-09-28,2025-10-03
CC-2026-092,TrackWise,Production,Medium,Implemented,System,R Shah,2025-10-01,2025-10-17
CC-2026-093,SAP,Engineering,Medium,In Progress,Documentation,R Shah,2025-10-04,2025-10-31
CC-2026-094,DMS,IT,High,Closed,Process,A Patel,2025-10-07,2025-10-26
CC-2026-095,DMS,Engineering,Low,Closed,Documentation,K Raman,2025-10-10,2025-10-21
CC-2026-096,TrackWise,IT,High,Implemented,Documentation,R Shah,2025-10-13,2025-11-12
CC-2026-097,SAP,Warehouse,Medium,In Progress,Equipment,P Modi,2025-10-16,2025-11-04
CC-2026-098,eBMR,QC,Low,Open,Documentation,A Patel,2025-10-19,2025-10-28
CC-2026-099,TrackWise,Engineering,Critical,In Progress,Equipment,R Shah,2025-10-22,2025-11-13
CC-2026-100,SAP,QC,High,Open,Process,C Chaudhari,2025-10-25,2025-11-19
